{
    "sessionId": "b45e30b9ef48363ca279a1476c8473cd",
    "status": 0,
    "value": {
        "ceil": {},
        "clone": {},
        "floor": {},
        "round": {},
        "scale": {},
        "toString": {},
        "translate": {},
        "x": 60.891719818115234,
        "y": 292.466552734375
    }
}