{
    "sessionId": "5fbe6b076f4f77965b9209ba4bb7fc91",
    "status": 0,
    "value": {
        "ceil": {},
        "clone": {},
        "floor": {},
        "round": {},
        "scale": {},
        "toString": {},
        "translate": {},
        "x": 61.443599700927734,
        "y": 292.16839599609375
    }
}