{
    "sessionId": "7c85389dfe413c728175f30b081d7ffc",
    "status": 0,
    "value": {
        "ceil": {},
        "clone": {},
        "floor": {},
        "round": {},
        "scale": {},
        "toString": {},
        "translate": {},
        "x": 61.443599700927734,
        "y": 292.16839599609375
    }
}