{
    "sessionId": "3a9cf57f5267a34d33fed9b0482ff8e3",
    "status": 0,
    "value": {
        "ceil": {},
        "clone": {},
        "floor": {},
        "round": {},
        "scale": {},
        "toString": {},
        "translate": {},
        "x": 61.317779541015625,
        "y": 292.23638916015625
    }
}