{
    "sessionId": "f62c263cd14f43487855e0e6bd6c3cce",
    "status": 0,
    "value": {
        "ceil": {},
        "clone": {},
        "floor": {},
        "round": {},
        "scale": {},
        "toString": {},
        "translate": {},
        "x": 60.24312973022461,
        "y": 292.8169250488281
    }
}