{
    "sessionId": "6c226602c133abf7529dfbf802314f8e",
    "status": 0,
    "value": {
        "ceil": {},
        "clone": {},
        "floor": {},
        "round": {},
        "scale": {},
        "toString": {},
        "translate": {},
        "x": 61.443599700927734,
        "y": 292.16839599609375
    }
}