{
    "sessionId": "33a3ae93be6a7fd029680e5f5b6d0627",
    "status": 0,
    "value": {
        "ceil": {},
        "clone": {},
        "floor": {},
        "round": {},
        "scale": {},
        "toString": {},
        "translate": {},
        "x": 58.406951904296875,
        "y": 293.80889892578125
    }
}