{
    "sessionId": "c235a7411173b05055ed99d4dd8d3cae",
    "status": 0,
    "value": {
        "ceil": {},
        "clone": {},
        "floor": {},
        "round": {},
        "scale": {},
        "toString": {},
        "translate": {},
        "x": 61.08155059814453,
        "y": 292.364013671875
    }
}