{
    "sessionId": "c23607080005e1135a0bec1b789e4532",
    "status": 0,
    "value": {
        "ceil": {},
        "clone": {},
        "floor": {},
        "round": {},
        "scale": {},
        "toString": {},
        "translate": {},
        "x": 60.7976188659668,
        "y": 292.51739501953125
    }
}