{
    "sessionId": "54b214bcbca0aa8b68686800cbd6f812",
    "status": 0,
    "value": {
        "ceil": {},
        "clone": {},
        "floor": {},
        "round": {},
        "scale": {},
        "toString": {},
        "translate": {},
        "x": 61.443599700927734,
        "y": 292.16839599609375
    }
}