{
    "sessionId": "833e8d0ebbe9505f9a10024f62b26518",
    "status": 0,
    "value": {
        "ceil": {},
        "clone": {},
        "floor": {},
        "round": {},
        "scale": {},
        "toString": {},
        "translate": {},
        "x": 60.759490966796875,
        "y": 292.5379638671875
    }
}