{
    "sessionId": "420a296417b87622bcf1219b75db9a14",
    "status": 0,
    "value": {
        "ceil": {},
        "clone": {},
        "floor": {},
        "round": {},
        "scale": {},
        "toString": {},
        "translate": {},
        "x": 59.324161529541016,
        "y": 293.3133850097656
    }
}