{
    "sessionId": "bc41a98792bc5eda6b92c313dcab3204",
    "status": 0,
    "value": {
        "ceil": {},
        "clone": {},
        "floor": {},
        "round": {},
        "scale": {},
        "toString": {},
        "translate": {},
        "x": 61.085693359375,
        "y": 292.36175537109375
    }
}