{
    "sessionId": "aa35c91badfdf8c33295454aff874298",
    "status": 0,
    "value": {
        "ceil": {},
        "clone": {},
        "floor": {},
        "round": {},
        "scale": {},
        "toString": {},
        "translate": {},
        "x": 61.443599700927734,
        "y": 292.16839599609375
    }
}