{
    "sessionId": "c0d2e9554bc49aeb569852e3d440a12a",
    "status": 0,
    "value": {
        "ceil": {},
        "clone": {},
        "floor": {},
        "round": {},
        "scale": {},
        "toString": {},
        "translate": {},
        "x": 60.75631332397461,
        "y": 292.5396728515625
    }
}