{
    "sessionId": "60cb85d1a0f6f92661dda829f07d70e9",
    "status": 0,
    "value": {
        "ceil": {},
        "clone": {},
        "floor": {},
        "round": {},
        "scale": {},
        "toString": {},
        "translate": {},
        "x": 60.094024658203125,
        "y": 292.8974609375
    }
}